[
    {
        "name": "???",
        "dialog": "Hahaha, you won't be able to get through me"
    },
    {
        "name": "Jack",
        "dialog": "Who are you and where is Natasha??"
    },
    {
        "name": "Grimm",
        "dialog": "My name is Grimm, but you won't remember my name because you will die here hahaha"
    },
    {
        "name": "Jack",
        "dialog": "I don't care, WHERE IS NATASHA!??"
    },
    {
        "name": "Grimm",
        "dialog": "if you want to know, step on me first"
    }
]