[
    {
        "name": "Jack",
        "dialog": "Where is this?"
    },
    {
        "name": "Jack",
        "dialog": "NATASHAA!!!"
    },
    {
        "name": "???",
        "dialog": "Hahaha, Welcome to my domain, you must be looking for that girl right"
    },
    {
        "name": "Jack",
        "dialog": "Hey you are a member of the Capone mafia, why did you take Natasha??"
    },
    {
        "name": "???",
        "dialog": "You don't need to know my business taking her"
    },
    {
        "name": "Jack",
        "dialog": "Don't you try to hurt her"
    },
    {
        "name": "???",
        "dialog": "Hahaha, it's up to me, if you still want to see her you know where it is"
    },
    {
        "name": "Jack",
        "dialog": "Damn..."
    }
]