{"Audio_Busses":{"BGM":"","BGS":"","ME":"","SE":"Master"},"Audio_Files_Dictionary":{"EndMusic":"res://Texture/music/cyberpunk city 2 (happy).mp3","MainMusic":"res://Texture/music/cyber city 2-b (serius).mp3","MenuMusic":"res://Texture/music/industrial.wav","attack":"res://Texture/music/atk.wav","blink":"res://Texture/music/blink.wav","blip":"res://Texture/music/blipSelect.wav","explosion":"res://Texture/music/explosion.wav","hurt":"res://Texture/music/hitHurt.wav","jump":"res://Texture/music/jump.wav","pickup":"res://Texture/music/pickupCoin.wav","shoot":"res://Texture/music/laserShoot.wav"},"DEBUG":false,"DEFAULT_SOUNDS_PROPERTIES":{"BGM":{"Pitch":1,"Volume":-5.36},"BGS":{"Pitch":1,"Volume":-16.08},"ME":{"Pitch":1,"Volume":0},"SE":{"Pitch":1,"Volume":-8.576}},"PREINSTANTIATE_NODES":true,"PRELOAD_RES":true}